PLAYER,POS,AGE,2010 TEAM,NEW TEAM,YRS,DOLLARS,Year
Scott Downs,RP,33,Blue Jays,Angels,3,15000000,2010
Albert Pujols,DH,31,Cardinals,Angels,10,250000000,2011
C.J. Wilson,SP,30,Rangers,Angels,5,77500000,2011
Josh Hamilton,LF,30,Rangers,Angels,5,123000000,2012
Zack Cozart,3B,32,Reds,Angels,3,38000000,2017
Anthony Rendon,3B,29,Nationals,Angels,7,245000000,2019
Scott Feldman,SP,30,Orioles,Astros,3,30000000,2013
Josh Reddick,RF,30,Dodgers,Astros,4,52000000,2016
Michael Brantley,DH,31,Indians,Astros,2,32000000,2018
Coco Crisp,LF,31,Athletics,Athletics,2,14000000,2011
Scott Kazmir,SP,29,Indians,Athletics,2,22000000,2013
Billy Butler,DH,27,Royals,Athletics,3,30000000,2014
Russell Martin,C,31,Pirates,Blue Jays,5,82000000,2014
J.A. Happ,SP,33,Pirates,Blue Jays,3,36000000,2015
Kendrys Morales,DH,33,Royals,Blue Jays,3,33000000,2016
Jose Bautista,RF,36,Blue Jays,Blue Jays,1,18000000,2016
Hyun Jin Ryu,SP,32,Dodgers,Blue Jays,4,80000000,2019
Tanner Roark,SP,33,Athletics,Blue Jays,2,24000000,2019
B.J. Upton,CF,27,Rays,Braves,5,75250000,2012
Nick Markakis,LF,30,Orioles,Braves,4,44000000,2014
Josh Donaldson,3B,33,Indians,Braves,1,23000000,2018
Will Smith,RP,30,Giants,Braves,3,39000000,2019
Cole Hamels,SP,36,Cubs,Braves,1,18000000,2019
Aramis Ramirez,3B,32,Cubs,Brewers,3,36000000,2011
Matt Garza,SP,29,Rangers,Brewers,4,50000000,2013
Lorenzo Cain,CF,31,Royals,Brewers,5,80000000,2017
Avisail Garcia,RF,28,Rays,Brewers,2,20000000,2019
Jake Westbrook,SP,32,Cardinals,Cardinals,2,16500000,2010
Carlos Beltran,OF,33,Giants,Cardinals,2,26000000,2011
Rafael Furcal,2B,33,Cardinals,Cardinals,2,14000000,2011
Jhonny Peralta,3B,30,Tigers,Cardinals,4,53000000,2013
Mike Leake,SP,28,Giants,Cardinals,5,80000000,2015
Dexter Fowler,RF,30,Cubs,Cardinals,5,82500000,2016
Brett Cecil,RP,30,Blue Jays,Cardinals,4,30500000,2016
Andrew Miller,RP,33,Indians,Cardinals,2,25000000,2018
Edwin Jackson,SP,28,Nationals,Cubs,4,52000000,2012
Jon Lester,SP,30,Athletics,Cubs,6,155000000,2014
Jason Heyward,RF,26,Cardinals,Cubs,8,184000000,2015
Ben Zobrist,RF,34,Royals,Cubs,4,56000000,2015
John Lackey,SP,37,Cardinals,Cubs,2,32000000,2015
Yu Darvish,SP,31,Dodgers,Cubs,6,126000000,2017
Tyler Chatwood,RP,28,Rockies,Cubs,3,38000000,2017
Brandon Morrow,RP,33,Dodgers,Cubs,2,21000000,2017
Jason Kubel,LF,28,Twins,Diamondbacks,2,15000000,2011
Cody Ross,RF,31,Red Sox,Diamondbacks,3,26000000,2012
Bronson Arroyo,SP,35,Reds,Diamondbacks,2,23500000,2013
Yasmany Tomas,OF,23,Cuba,Diamondbacks,6,68500000,2014
Zack Greinke,SP,32,Dodgers,Diamondbacks,6,206500000,2015
Madison Bumgarner,SP,30,Giants,Diamondbacks,5,85000000,2019
Juan Uribe,3B,30,Giants,Dodgers,3,21000000,2010
Aaron Harang,SP,32,Padres,Dodgers,2,12000000,2011
Zack Greinke,SP,28,Angels,Dodgers,6,147000000,2012
Hyun Jin Ryu,SP,24,Japan,Dodgers,6,36000000,2012
Brandon McCarthy,SP,30,Yankees,Dodgers,4,48000000,2014
Scott Kazmir,SP,32,Astros,Dodgers,3,48000000,2015
Kenley Jansen,RP,29,Dodgers,Dodgers,5,80000000,2016
Justin Turner,DH,32,Dodgers,Dodgers,4,64000000,2016
Rich Hill,SP,36,Dodgers,Dodgers,3,48000000,2016
AJ Pollock,OF,31,Diamondbacks,Dodgers,5,60000000,2018
Joe Kelly,RP,30,Red Sox,Dodgers,3,25000000,2018
Aubrey Huff,1B,33,Giants,Giants,2,22000000,2010
Angel Pagan,LF,30,Giants,Giants,4,40000000,2012
Marco Scutaro,2B,36,Giants,Giants,3,20000000,2012
Jeremy Affeldt,RP,32,Giants,Giants,3,18000000,2012
Tim Hudson,SP,37,Braves,Giants,2,23000000,2013
Jake Peavy,SP,32,Giants,Giants,2,24000000,2014
Johnny Cueto,SP,30,Royals,Giants,6,130000000,2015
Jeff Samardzija,SP,31,White Sox,Giants,5,90000000,2015
Denard Span,LF,31,Nationals,Giants,3,31000000,2015
Mark Melancon,RP,31,Nationals,Giants,4,62000000,2016
Nick Swisher,LF,31,Yankees,Guardians,4,56000000,2012
Michael Bourn,CF,29,Braves,Guardians,4,48000000,2012
Edwin Encarnacion,DH,34,Blue Jays,Guardians,3,60000000,2016
Robinson Cano,2B,30,Yankees,Mariners,10,240000000,2013
Nelson Cruz,DH,33,Orioles,Mariners,4,57000000,2014
Juan Nicasio,RP,31,Cardinals,Mariners,2,17000000,2017
Yusei Kikuchi,SP,27,Japan,Mariners,3,43000000,2018
John Buck,C,29,Blue Jays,Marlins,3,18000000,2010
Jose Reyes,SS,27,Mets,Marlins,6,106000000,2011
Mark Buehrle,SP,31,White Sox,Marlins,4,58000000,2011
Heath Bell,RP,33,Padres,Marlins,3,27000000,2011
Wei-Yin Chen,RP,30,Orioles,Marlins,5,80000000,2015
Edinson Volquez,SP,33,Royals,Marlins,2,22000000,2016
Frank Francisco,RP,31,Blue Jays,Mets,2,12000000,2011
Curtis Granderson,LF,31,Yankees,Mets,4,60000000,2013
Yoenis Cespedes,LF,30,Mets,Mets,3,75000000,2015
Yoenis Cespedes,LF,31,Mets,Mets,4,110000000,2016
Jay Bruce,LF,30,Indians,Mets,3,39000000,2017
Todd Frazier,3B,32,Yankees,Mets,2,17000000,2017
Jeurys Familia,RP,29,Athletics,Mets,3,30000000,2018
Jayson Werth,LF,30,Phillies,Nationals,7,126000000,2010
Adam LaRoche,DH,30,Diamondbacks,Nationals,2,16000000,2010
Rafael Soriano,RP,32,Yankees,Nationals,2,28000000,2012
Adam LaRoche,DH,32,Nationals,Nationals,2,24000000,2012
Max Scherzer,SP,29,Tigers,Nationals,7,210000000,2014
Daniel Murphy,1B,30,Mets,Nationals,3,37500000,2015
Matt Wieters,C,30,Orioles,Nationals,2,21000000,2016
Patrick Corbin,SP,29,Diamondbacks,Nationals,6,140000000,2018
Stephen Strasburg,SP,31,Nationals,Nationals,7,245000000,2019
Will Harris,RP,35,Astros,Nationals,3,24000000,2019
Wei-Yin Chen,RP,25,Japan,Orioles,3,11338000,2011
Ubaldo Jimenez,SP,29,Indians,Orioles,4,48000000,2013
Chris Davis,1B,29,Orioles,Orioles,7,161000000,2015
Darren O'Day,RP,33,Orioles,Orioles,4,31000000,2015
Mark Trumbo,DH,31,Orioles,Orioles,3,37500000,2016
Alex Cobb,SP,30,Rays,Orioles,4,57000000,2017
James Shields,SP,32,Royals,Padres,4,75000000,2014
Eric Hosmer,1B,28,Royals,Padres,8,144000000,2017
Manny Machado,3B,26,Dodgers,Padres,10,300000000,2018
Drew Pomeranz,SP,31,Red Sox,Padres,4,34000000,2019
Cliff Lee,SP,31,Rangers,Phillies,5,120000000,2010
Jonathan Papelbon,RP,30,Red Sox,Phillies,4,50000058,2011
Jimmy Rollins,SS,32,Phillies,Phillies,3,38000000,2011
Carlos Ruiz,C,34,Phillies,Phillies,3,26000000,2013
Jeremy Hellickson,SP,29,Phillies,Phillies,1,17200000,2016
Jake Arrieta,SP,31,Cubs,Phillies,3,75000000,2017
Carlos Santana,1B,31,Indians,Phillies,3,60000000,2017
Tommy Hunter,RP,31,Rays,Phillies,2,18000000,2017
Pat Neshek,RP,37,Rockies,Phillies,2,16250000,2017
Bryce Harper,DH,26,Nationals,Phillies,13,330000000,2018
Andrew McCutchen,DH,32,Yankees,Phillies,3,50000000,2018
David Robertson,RP,33,Yankees,Phillies,2,23000000,2018
Zack Wheeler,SP,29,Mets,Phillies,5,118000000,2019
Russell Martin,C,29,Yankees,Pirates,2,17000000,2012
Francisco Liriano,RP,30,Pirates,Pirates,3,39000000,2014
Ivan Nova,SP,30,Pirates,Pirates,3,26000000,2016
Adrian Beltre,3B,30,Red Sox,Rangers,6,96000000,2010
Yu Darvish,SP,24,Japan,Rangers,6,60000000,2011
Joe Nathan,RP,36,Twins,Rangers,2,14500000,2011
Shin-Soo Choo,LF,30,Reds,Rangers,7,130000000,2013
Mike Minor,SP,30,Royals,Rangers,3,28000000,2017
Lance Lynn,SP,31,Yankees,Rangers,3,30000000,2018
Kyle Gibson,SP,32,Twins,Rangers,3,30000000,2019
Charlie Morton,SP,35,Astros,Rays,2,30000000,2018
Carl Crawford,LF,28,Rays,Red Sox,7,142000000,2010
Shane Victorino,RF,31,Dodgers,Red Sox,3,39000000,2012
Ryan Dempster,SP,34,Rangers,Red Sox,2,26500000,2012
Mike Napoli,1B,31,Red Sox,Red Sox,2,32000000,2013
Pablo Sandoval,3B,27,Giants,Red Sox,5,95000000,2014
Hanley Ramirez,SS,30,Dodgers,Red Sox,4,88000000,2014
David Price,RP,30,Blue Jays,Red Sox,7,217000000,2015
J.D. Martinez,DH,30,Diamondbacks,Red Sox,5,110000000,2017
Nathan Eovaldi,SP,29,Red Sox,Red Sox,4,67500000,2018
Jonathan Broxton,RP,27,Reds,Reds,3,21000000,2012
Nick Castellanos,RF,27,Cubs,Reds,4,64000000,2019
Mike Moustakas,1B,31,Brewers,Reds,4,64000000,2019
Jorge De La Rosa,RP,28,Rockies,Rockies,2,15000000,2010
Michael Cuddyer,LF,31,Twins,Rockies,3,31500000,2011
Ian Desmond,CF,31,Rangers,Rockies,5,70000000,2016
Mike Dunn,RP,31,Marlins,Rockies,3,19000000,2016
Wade Davis,RP,32,Cubs,Rockies,3,52000000,2017
Jake McGee,RP,31,Rockies,Rockies,3,27000000,2017
Bryan Shaw,RP,30,Indians,Rockies,3,27000000,2017
Daniel Murphy,1B,33,Cubs,Rockies,2,24000000,2018
Jeremy Guthrie,SP,32,Royals,Royals,3,25000000,2012
Jason Vargas,SP,30,Angels,Royals,4,32000000,2013
Omar Infante,2B,31,Tigers,Royals,4,30000000,2013
Alex Gordon,LF,32,Royals,Royals,4,72000000,2015
Ian Kennedy,RP,31,Padres,Royals,5,70000000,2015
Victor Martinez,DH,31,Red Sox,Tigers,4,50000000,2010
Joaquin Benoit,RP,32,Rays,Tigers,3,16500000,2010
Prince Fielder,DH,26,Brewers,Tigers,9,214000000,2011
Anibal Sanchez,SP,27,Tigers,Tigers,5,80000000,2012
Torii Hunter,RF,36,Angels,Tigers,2,26000000,2012
Victor Martinez,DH,35,Tigers,Tigers,4,68000000,2014
Justin Upton,DH,28,Padres,Tigers,6,132750000,2015
Jordan Zimmermann,SP,29,Nationals,Tigers,5,110000000,2015
Carl Pavano,SP,34,Twins,Twins,2,16500000,2010
Josh Willingham,LF,32,Athletics,Twins,3,21000000,2011
Ricky Nolasco,RP,30,Dodgers,Twins,4,49000000,2013
Phil Hughes,RP,26,Yankees,Twins,3,24000000,2013
Ervin Santana,SP,31,Braves,Twins,4,55000000,2014
Jason Castro,C,29,Astros,Twins,3,24500000,2016
Addison Reed,RP,29,Red Sox,Twins,2,16750000,2017
Josh Donaldson,3B,34,Braves,Twins,4,92000000,2019
Michael Pineda,SP,31,Twins,Twins,2,20000000,2019
Adam Dunn,DH,30,Nationals,White Sox,4,56000000,2010
Paul Konerko,DH,33,White Sox,White Sox,3,37500000,2010
Jesse Crain,RP,28,Twins,White Sox,3,13000000,2010
David Robertson,RP,28,Yankees,White Sox,4,46000000,2014
Melky Cabrera,RF,29,Blue Jays,White Sox,3,42000000,2014
Adam LaRoche,DH,34,Nationals,White Sox,2,25000000,2014
Yasmani Grandal,C,31,Brewers,White Sox,4,73000000,2019
Dallas Keuchel,SP,32,Braves,White Sox,3,55500000,2019
Jose Abreu,1B,33,White Sox,White Sox,3,50000000,2019
Derek Jeter,SS,35,Yankees,Yankees,3,51000000,2010
Rafael Soriano,RP,30,Rays,Yankees,3,35000000,2010
Mariano Rivera,RP,40,Yankees,Yankees,2,30000000,2010
Masahiro Tanaka,SP,24,Japan,Yankees,7,155000000,2013
Jacoby Ellsbury,CF,29,Red Sox,Yankees,7,153000000,2013
Brian McCann,C,29,Braves,Yankees,5,85000000,2013
Carlos Beltran,OF,35,Cardinals,Yankees,3,45000000,2013
Chase Headley,3B,29,Yankees,Yankees,4,52000000,2014
Andrew Miller,RP,28,Orioles,Yankees,4,36000000,2014
Aroldis Chapman,RP,28,Cubs,Yankees,5,86000000,2016
Zack Britton,RP,31,Yankees,Yankees,3,39000000,2018
J.A. Happ,SP,36,Yankees,Yankees,2,34000000,2018
Adam Ottavino,RP,33,Rockies,Yankees,3,27000000,2018
DJ LeMahieu,3B,30,Rockies,Yankees,2,24000000,2018
Gerrit Cole,SP,29,Astros,Yankees,9,324000000,2019
