"Name","POS","AGE","YRS","DOLLARS","YEAR","G","R","HR","RBI","BB","SB","HITS","AS"
"Bryce Harper","OF","26","13","330000000","2018","417","282","87","273","306","38","394","3"
"Manny Machado","3B","26","10","300000000","2018","475","270","107","298","168","23","539","2"
"Albert Pujols","1B","31","10","250000000","2011","466","344","126","352","279","39","542","2"
"Anthony Rendon","3B","29","7","245000000","2019","428","286","83","318","219","14","490","1"
"Robinson Cano","2B","30","10","240000000","2013","480","290","88","319","164","18","574","3"
"Prince Fielder","1B","26","9","214000000","2011","485","292","116","344","331","4","498","2"
"Jason Heyward","OF","26","8","184000000","2015","404","220","38","156","171","45","412","0"
"Chris Davis","1B","29","7","161000000","2015","446","268","126","327","216","8","405","1"
"Jacoby Ellsbury","OF","29","7","153000000","2013","365","254","45","184","118","105","466","1"
"Eric Hosmer","1B","28","8","144000000","2017","477","276","68","291","184","18","531","1"
"Carl Crawford","OF","28","7","142000000","2010","417","275","42","215","127","132","490","2"
"Justin Upton","OF","28","6","132750000","2015","452","256","82","253","203","35","436","1"
"Shin-Soo Choo","OF","30","7","130000000","2013","393","232","45","157","221","53","412","0"
"Jayson Werth","OF","30","7","126000000","2010","444","277","87","251","230","53","431","1"
"Josh Hamilton","OF","30","5","123000000","2012","400","278","100","322","142","23","491","3"
"Yoenis Cespedes","OF","31","4","110000000","2016","442","262","88","291","119","17","474","2"
"J.D. Martinez","OF","30","5","110000000","2017","397","247","105","274","155","8","440","1"
"Jose Reyes","SS","27","6","106000000","2011","295","202","20","113","92","80","381","2"
"Adrian Beltre","3B","30","6","96000000","2010","407","212","61","223","109","23","456","1"
"Pablo Sandoval","3B","27","5","95000000","2014","405","179","42","215","124","1","422","1"
"Josh Donaldson","3B","34","4","92000000","2019","320","191","78","195","207","8","300","0"
"Hanley Ramirez","SS","30","4","88000000","2014","370","205","57","220","137","45","387","0"
"Brian McCann","C","29","5","85000000","2013","351","138","64","195","140","6","318","2"
"Dexter Fowler","OF","30","5","82500000","2016","396","247","38","129","229","44","395","1"
"Russell Martin","C","31","5","82000000","2014","369","146","47","175","170","19","298","0"
"Lorenzo Cain","OF","31","5","80000000","2017","398","243","40","177","122","68","458","1"
"B.J. Upton","OF","27","5","75250000","2012","449","250","69","221","183","109","404","0"
"Yoenis Cespedes","OF","30","3","75000000","2015","445","264","83","285","105","21","467","1"
"Yasmani Grandal","C","31","4","73000000","2019","422","194","74","203","221","7","340","1"
"Alex Gordon","OF","32","4","72000000","2015","415","217","52","203","166","25","414","3"
"Ian Desmond","OF","31","5","70000000","2016","466","249","65","239","135","58","465","1"
"Victor Martinez","1B","35","4","68000000","2014","310","155","46","186","124","3","370","0"
"Justin Turner","3B","32","4","64000000","2016","386","180","50","193","112","15","364","0"
"Nick Castellanos","OF","27","4","64000000","2019","465","261","76","263","131","8","530","0"
"Mike Moustakas","1B","31","4","64000000","2019","443","221","101","267","136","7","428","2"
"Curtis Granderson","OF","31","4","60000000","2013","376","269","91","240","187","43","340","2"
"Edwin Encarnacion","1B","34","3","60000000","2016","434","268","115","336","226","7","432","2"
"Carlos Santana","1B","31","3","60000000","2017","466","251","76","251","295","21","426","0"
"AJ Pollock","OF","31","5","60000000","2018","236","143","37","118","71","37","229","0"
"Nelson Cruz","OF","33","4","57000000","2014","427","222","91","274","138","17","428","2"
"Adam Dunn","OF","30","4","56000000","2010","475","245","116","308","315","2","413","0"
"Nick Swisher","OF","31","4","56000000","2012","447","247","76","267","230","5","446","1"
"Ben Zobrist","OF","34","4","56000000","2015","429","236","35","179","209","24","452","1"
"Jhonny Peralta","3B","30","4","53000000","2013","401","176","45","204","124","4","408","2"
"Chase Headley","3B","29","4","52000000","2014","436","209","57","214","204","32","417","0"
"Josh Reddick","OF","30","4","52000000","2016","369","173","42","168","116","19","351","0"
"Derek Jeter","SS","35","3","51000000","2010","459","306","39","202","187","59","570","3"
"Victor Martinez","1B","31","4","50000000","2010","355","182","45","222","139","2","401","2"
"Andrew McCutchen","OF","32","3","50000000","2018","464","258","72","232","237","31","457","0"
"Jose Abreu","1B","33","3","50000000","2019","443","248","88","303","108","7","501","2"
"Michael Bourn","OF","29","4","48000000","2012","453","274","13","145","182","155","506","2"
"Carlos Beltran","OF","35","3","45000000","2013","438","240","78","265","174","19","467","3"
"Nick Markakis","OF","30","4","44000000","2014","418","229","37","163","159","6","474","0"
"Melky Cabrera","OF","29","3","42000000","2014","340","204","30","163","102","21","426","1"
"Angel Pagan","OF","30","4","40000000","2012","427","243","26","181","136","98","467","0"
"Shane Victorino","OF","31","3","39000000","2012","429","251","46","185","161","92","449","1"
"Jay Bruce","OF","30","3","39000000","2017","450","228","95","287","159","14","407","1"
"Jimmy Rollins","SS","32","3","38000000","2011","383","235","45","181","142","78","405","0"
"Zack Cozart","3B","32","3","38000000","2017","295","175","49","141","113","10","297","1"
"Paul Konerko","1B","33","3","37500000","2010","423","223","89","261","195","3","427","1"
"Daniel Murphy","1B","30","3","37500000","2015","434","227","36","208","102","38","500","1"
"Mark Trumbo","OF","31","3","37500000","2016","389","193","83","233","115","4","367","1"
"Aramis Ramirez","3B","32","3","36000000","2011","355","187","66","241","105","3","382","0"
"Kendrys Morales","1B","33","3","33000000","2016","410","174","60","241","133","0","392","0"
"Mike Napoli","1B","31","2","32000000","2013","359","204","77","223","187","6","327","1"
"Michael Brantley","OF","31","2","32000000","2018","244","141","26","135","82","24","286","2"
"Michael Cuddyer","OF","31","3","31500000","2011","449","256","66","245","160","24","477","1"
"Denard Span","OF","31","3","31000000","2015","360","207","14","106","117","62","428","0"
"Omar Infante","2B","31","4","30000000","2013","413","178","29","153","75","26","456","0"
"Billy Butler","1B","27","3","30000000","2014","474","191","53","255","174","2","509","1"
"Gerardo Parra","OF","28","3","27500000","2015","453","226","33","139","108","33","458","0"
"Carlos Beltran","OF","33","2","26000000","2011","286","149","39","159","148","18","312","2"
"Torii Hunter","OF","36","2","26000000","2012","443","237","62","264","161","23","480","1"
"Cody Ross","OF","31","3","26000000","2012","398","195","50","198","128","16","365","0"
"Carlos Ruiz","C","34","3","26000000","2013","331","135","27","145","95","6","320","1"
"Adam LaRoche","1B","34","2","25000000","2014","444","219","79","254","221","8","404","0"
"Jason Castro","C","29","3","24500000","2016","335","122","36","119","112","3","243","0"
"Adam LaRoche","1B","32","2","24000000","2012","347","166","61","215","140","2","327","0"
"DJ LeMahieu","3B","30","2","24000000","2018","429","289","34","192","162","23","528","1"
"Daniel Murphy","1B","33","2","24000000","2018","377","222","60","239","107","10","454","2"
"Jed Lowrie","2B","29","3","23000000","2014","387","182","37","167","144","3","383","0"
"Josh Donaldson","3B","33","1","23000000","2018","320","217","78","200","216","11","322","1"
"Aubrey Huff","1B","33","2","22000000","2010","461","255","73","279","187","11","476","0"
"Juan Uribe","3B","30","3","21000000","2010","373","152","47","180","92","5","324","0"
"Josh Willingham","OF","32","3","21000000","2011","383","193","69","215","184","16","330","0"
"James Loney","1B","28","3","21000000","2013","450","147","31","181","114","7","425","0"
"Jarrod Saltalamacchia","C","27","3","21000000","2013","339","175","55","180","105","5","290","0"
"Michael Cuddyer","OF","34","2","21000000","2014","279","159","46","173","92","21","318","1"
"Matt Wieters","C","30","2","21000000","2016","225","85","30","109","59","1","204","2"
"Eduardo Escobar","3B","30","3","21000000","2018","383","169","50","194","106","8","353","0"
"Marwin Gonzalez","SS","29","2","21000000","2018","418","183","52","209","124","22","382","0"
"Marco Scutaro","2B","36","3","20000000","2012","414","238","25","184","131","18","482","0"
"Howie Kendrick","2B","32","2","20000000","2015","396","204","29","183","98","26","460","0"
"Jed Lowrie","2B","34","2","20000000","2018","397","194","39","195","177","0","405","1"
"Avisail Garcia","OF","28","2","20000000","2019","354","183","57","201","84","18","393","1"
"Wilson Ramos","C","31","2","19000000","2018","304","116","48","185","77","0","319","2"
"Asdrubal Cabrera","3B","30","2","18500000","2015","424","206","43","183","120","25","390","0"
"Yasmani Grandal","C","30","1","18250000","2018","394","164","73","198","176","3","303","0"
"John Buck","C","29","3","18000000","2010","283","117","37","150","67","1","244","1"
"Jose Bautista","OF","36","1","18000000","2016","424","277","97","286","301","16","393","2"
"Marcell Ozuna","OF","29","1","18000000","2019","437","242","89","301","164","16","471","1"
"Corey Dickerson","OF","30","2","17500000","2019","363","182","52","176","72","13","396","1"
"Matt Joyce","OF","35","2","17500000","2019","346","144","39","106","139","4","216","0"
"Neil Walker","1B","31","1","17200000","2016","400","200","62","202","131","9","401","0"
"Russell Martin","C","29","2","17000000","2012","350","152","44","144","151","20","270","1"
"Kendrys Morales","1B","30","2","17000000","2014","388","153","53","195","107","0","379","0"
"Todd Frazier","3B","32","2","17000000","2017","460","245","102","263","191","32","392","1"
"Adam LaRoche","1B","30","2","16000000","2010","437","219","75","268","171","3","433","0"
"Melky Cabrera","OF","27","2","16000000","2012","410","236","33","189","113","40","477","1"
"Marlon Byrd","OF","35","2","16000000","2013","305","136","34","132","61","5","308","0"
"Carlos Beltran","OF","39","1","16000000","2016","393","176","63","209","117","4","389","1"
"Yonder Alonso","1B","30","2","16000000","2017","392","174","40","154","155","7","342","1"
"Kole Calhoun","OF","32","2","16000000","2019","444","240","71","202","194","15","369","0"
"Travis d'Arnaud","C","31","2","16000000","2019","218","92","33","129","56","0","176","0"
"Colby Rasmus","OF","29","1","15800000","2015","351","169","65","167","113","6","296","0"
"Matt Wieters","C","29","1","15800000","2015","249","96","35","122","70","2","224","1"
"Jason Kubel","OF","28","2","15000000","2011","387","178","61","253","144","2","383","0"
"Ryan Ludwick","OF","33","2","15000000","2012","399","172","56","225","141","1","355","0"
"Juan Uribe","3B","33","2","15000000","2013","272","83","18","95","60","7","194","0"
"Luis Valbuena","3B","31","2","15000000","2016","368","168","54","147","159","3","292","0"
"Welington Castillo","C","30","2","15000000","2017","317","127","53","178","80","2","287","0"
"Nelson Cruz","OF","38","1","14300000","2018","454","257","119","321","187","4","462","2"
"Coco Crisp","OF","31","2","14000000","2011","259","150","19","106","100","94","262","0"
"Rafael Furcal","2B","33","2","14000000","2011","334","202","25","118","129","43","357","1"
"Didi Gregorius","SS","30","1","14000000","2019","352","209","68","234","90","15","365","0"
"Ichiro Suzuki","OF","38","2","13000000","2012","482","231","20","145","106","111","576","1"
"Dexter Fowler","OF","29","1","13000000","2015","391","234","37","123","215","50","378","0"
"Chris Young","OF","32","2","13000000","2015","334","139","37","120","98","21","219","0"
"Matt Holliday","OF","37","1","13000000","2016","338","155","44","187","148","6","314","1"
"Mitch Moreland","1B","32","2","13000000","2017","420","173","67","224","124","2","363","0"
"Justin Morneau","1B","31","2","12500000","2013","355","144","40","184","118","1","343","0"
"Steve Pearce","1B","33","2","12500000","2016","276","128","49","124","97","6","239","0"
"Wilson Ramos","C","29","2","12500000","2016","346","131","48","195","73","0","348","1"
"Brett Gardner","OF","36","1","12500000","2019","432","277","61","182","189","49","405","0"
"Jeff Keppinger","2B","31","3","12000000","2012","350","147","21","134","87","5","378","0"
"Kevin Youkilis","3B","32","1","12000000","2012","342","217","55","202","177","7","325","1"
"David Murphy","OF","31","2","12000000","2013","401","162","39","152","124","22","346","0"
"Brandon Moss","OF","33","2","12000000","2016","418","183","72","206","155","2","316","1"
"Starlin Castro","3B","29","2","12000000","2019","427","210","50","203","99","10","470","1"
"Edwin Encarnacion","1B","37","1","12000000","2019","403","251","104","300","225","5","368","0"
"Orlando Hudson","3B","32","2","11500000","2010","381","208","23","140","152","22","413","1"
"Carlos Gomez","OF","31","1","11500000","2016","380","201","48","182","112","69","369","1"
"Jhonny Peralta","3B","27","2","11250000","2010","452","221","49","253","152","4","452","0"
"Aaron Hill","2B","28","2","11000000","2011","433","234","70","237","118","29","431","1"
"Lance Berkman","1B","36","1","11000000","2012","298","150","47","159","183","7","268","1"
"Alex Rios","OF","33","1","11000000","2014","443","230","47","226","90","82","493","0"
"Matt Joyce","OF","32","2","11000000","2016","366","113","27","115","151","3","205","0"
"Sean Rodriguez","3B","31","2","11000000","2016","337","104","34","114","48","6","186","0"
"Nate McLouth","OF","31","2","10750000","2013","310","150","23","72","124","46","262","0"
"Clint Barmes","SS","31","2","10500000","2011","399","159","43","165","104","18","335","0"
"Torii Hunter","OF","38","1","10500000","2014","422","242","50","259","87","16","508","1"
"Magglio Ordonez","OF","36","1","10000000","2010","361","182","42","212","144","5","420","0"
"Carlos Pena","1B","31","1","10000000","2010","413","231","98","286","270","9","323","1"
"David DeJesus","OF","31","2","10000000","2011","363","180","28","154","130","11","375","0"
"Jonny Gomes","OF","31","2","10000000","2012","366","164","50","176","131","15","274","0"
"Maicer Izturis","2B","31","3","10000000","2012","281","113","10","85","79","33","251","0"
"Rajai Davis","OF","32","2","10000000","2013","333","157","15","96","65","125","277","0"
"Mike Moustakas","1B","30","1","10000000","2018","327","153","73","193","92","4","320","1"
"Kurt Suzuki","C","35","2","10000000","2018","291","117","39","149","57","0","261","0"
"Stephen Drew","SS","28","1","9500000","2012","315","165","27","134","129","15","302","0"
"Michael Saunders","OF","30","1","9000000","2016","223","110","32","94","90","5","193","1"
"Brian Dozier","2B","31","1","9000000","2018","458","291","97","264","209","46","451","0"
"Mark Ellis","2B","33","2","8750000","2011","357","152","22","151","85","31","345","0"
"Mike Napoli","1B","35","1","8500000","2016","398","187","69","206","213","11","327","0"
"Chris Iannetta","C","34","2","8500000","2017","268","89","34","101","116","0","182","0"
"A.J. Pierzynski","C","36","1","8250000","2013","397","154","52","195","62","1","403","0"
"Alex Avila","C","31","2","8250000","2017","227","81","25","73","140","0","152","0"
"Lance Berkman","1B","34","1","8000000","2010","416","235","68","244","273","28","399","1"
"Vladimir Guerrero","OF","35","1","8000000","2010","395","227","71","256","105","11","455","1"
"A.J. Pierzynski","C","33","2","8000000","2010","398","166","35","165","58","5","429","0"
"Ty Wigginton","3B","32","2","8000000","2010","385","157","56","175","105","5","366","1"
"Nelson Cruz","OF","32","1","8000000","2013","392","199","80","253","116","22","387","1"
"Dioner Navarro","C","29","2","8000000","2013","174","50","20","63","45","0","126","0"
"Michael Morse","1B","31","2","8000000","2014","320","135","47","150","68","0","307","0"
"Colby Rasmus","OF","27","1","8000000","2014","369","177","63","181","113","8","319","0"
"Ian Desmond","OF","30","1","8000000","2015","468","219","63","233","134","58","455","0"
"John Jaso","1B","32","2","8000000","2015","239","96","17","83","94","5","190","0"
"Jon Jay","OF","31","1","8000000","2016","306","126","6","82","66","8","270","0"
"Carlos Gonzalez","OF","32","1","8000000","2017","435","246","79","254","148","7","447","1"
"Ian Kinsler","2B","36","2","8000000","2018","420","273","64","183","140","44","425","0"
"Garrett Jones","OF","31","2","7750000","2013","432","160","58","195","112","10","327","0"
"Derrek Lee","1B","34","1","7500000","2010","444","264","74","281","220","10","486","0"
"A.J. Pierzynski","C","35","1","7500000","2012","391","149","44","181","66","3","394","0"
"Asdrubal Cabrera","3B","28","1","7500000","2014","423","210","44","193","136","28","406","1"
"Jarrod Dyson","OF","33","2","7500000","2017","294","133","8","73","68","84","220","0"
"Brett Gardner","OF","35","1","7500000","2018","437","271","40","149","207","55","425","0"
"Jonathan Schoop","2B","27","1","7500000","2018","453","235","78","248","75","3","456","1"
"Carlos Pena","1B","32","1","7250000","2011","423","227","95","264","275","10","313","1"
"Chris Young","OF","29","1","7250000","2013","357","171","46","152","152","40","276","0"
"Miguel Olivo","C","31","2","7000000","2010","305","135","49","164","53","19","281","0"
"Mike Napoli","1B","34","1","7000000","2015","386","174","58","197","208","7","323","0"
"Chase Utley","2B","37","1","7000000","2015","393","184","37","186","130","22","373","1"
"Howie Kendrick","2B","34","2","7000000","2017","354","169","26","135","99","28","357","0"
"Martin Maldonado","C","33","2","7000000","2019","359","128","35","109","63","0","250","0"
"Jason Castro","C","32","1","6850000","2019","205","92","24","80","87","0","150","0"
"Jamey Carroll","3B","37","2","6750000","2011","362","153","2","66","134","26","320","0"
"Miguel Tejada","2B","35","1","6500000","2010","470","246","42","223","73","14","549","2"
"Jonathan Lucroy","C","31","1","6500000","2017","367","163","37","164","129","7","353","1"
"Logan Morrison","1B","30","1","6500000","2017","396","167","69","182","165","14","313","0"
"Mike Moustakas","1B","29","1","6500000","2017","321","160","67","180","86","1","332","2"
"Steve Pearce","1B","35","1","6500000","2018","251","108","37","114","90","0","216","0"
"Ramon Hernandez","C","34","2","6400000","2011","268","83","24","121","85","1","251","0"
"Yorvit Torrealba","C","31","2","6250000","2010","226","77","15","99","66","8","208","0"
"Nick Hundley","C","30","2","6250000","2014","253","67","22","88","51","2","172","0"
"Jeff Mathis","C","35","2","6250000","2018","169","40","5","46","38","1","109","0"
"Wilmer Flores","1B","28","2","6250000","2019","321","116","38","140","61","1","278","0"
"Cesar Hernandez","2B","29","1","6250000","2019","450","253","38","165","201","43","474","0"
"Howie Kendrick","2B","36","1","6250000","2019","252","118","30","115","54","15","257","0"
"David Ross","C","34","2","6200000","2012","155","47","17","74","54","1","120","0"
"C.J. Cron","1B","30","1","6100000","2019","364","158","71","208","88","4","327","0"
"Jonathan Schoop","2B","28","1","6100000","2019","412","214","76","225","74","3","403","1"
"Jerry Hairston Jr.","3B","34","2","6000000","2011","359","158","25","120","96","19","292","0"
"Luke Scott","1B","32","1","6000000","2011","322","155","61","171","138","3","289","0"
"Mark Reynolds","1B","28","1","6000000","2012","435","228","92","240","231","14","318","0"
"Corey Hart","1B","30","1","6000000","2013","279","171","56","146","95","12","292","0"
"Michael Morse","1B","30","1","6000000","2013","335","160","62","184","73","2","343","0"
"Welington Castillo","C","29","1","6000000","2016","332","111","46","171","84","2","281","0"
"Rajai Davis","OF","36","1","6000000","2016","375","193","28","129","77","97","331","0"
"Austin Jackson","OF","31","2","6000000","2017","269","126","16","101","79","22","266","0"
"Nick Markakis","OF","35","1","6000000","2018","480","221","35","258","211","1","509","1"
"Willie Bloomquist","SS","35","2","5800000","2013","225","107","4","63","43","27","235","0"
"Pedro Alvarez","1B","29","1","5750000","2015","423","176","81","233","141","12","328","1"
"Alejandro De Aza","OF","31","1","5750000","2015","402","191","32","138","120","44","365","0"
"Robinson Chirinos","C","34","1","5750000","2018","249","115","44","123","94","3","180","0"
"Norichika Aoki","OF","34","1","5500000","2015","379","185","14","106","128","51","413","0"
"Mitch Moreland","1B","31","1","5500000","2016","324","118","47","168","79","2","279","0"
"Robinson Chirinos","C","35","1","5500000","2019","311","151","52","161","130","4","234","0"
"Johnny Damon","OF","36","1","5250000","2010","429","283","49","204","204","52","469","0"
"Mark Ellis","2B","35","1","5250000","2013","363","163","20","120","88","23","343","0"
"Rajai Davis","OF","35","1","5250000","2015","347","168","22","105","65","99","304","0"
"Trevor Plouffe","3B","30","1","5250000","2016","371","178","48","213","122","5","357","0"
"Billy Hamilton","OF","28","1","5250000","2018","408","228","11","84","126","151","370","0"
"Jordy Mercer","SS","32","1","5250000","2018","408","161","31","156","134","3","360","0"
"Lyle Overbay","1B","33","1","5000000","2010","437","206","51","200","215","2","389","0"
"Grady Sizemore","OF","28","1","5000000","2011","210","122","28","109","87","17","195","0"
"Mike Napoli","1B","30","1","5000000","2012","359","185","80","199","156","9","306","1"
"Ty Wigginton","3B","34","2","5000000","2012","401","155","48","166","125","9","315","1"
"Brendan Ryan","SS","30","2","5000000","2013","364","123","10","92","101","28","250","0"
"Skip Schumaker","OF","33","2","5000000","2013","334","102","5","96","82","3","263","0"
"Stephen Drew","SS","30","1","5000000","2014","285","113","27","121","118","8","220","0"
"David Ross","C","36","2","5000000","2014","140","45","20","48","45","2","95","0"
"Austin Jackson","OF","29","1","5000000","2015","413","226","25","144","128","45","434","0"
"Brayan Pena","C","34","2","5000000","2015","291","59","9","66","55","4","247","0"
"Colby Rasmus","OF","30","1","5000000","2016","340","150","58","155","119","10","257","0"
"Curtis Granderson","OF","36","1","5000000","2017","453","260","82","193","236","21","374","0"
"Daniel Descalso","3B","32","2","5000000","2018","366","139","31","146","146","7","229","0"
"Freddy Galvis","SS","29","1","5000000","2018","482","194","45","195","115","39","445","0"
"Todd Frazier","3B","34","1","5000000","2019","393","191","66","202","171","14","300","0"
"Justin Smoak","1B","33","1","5000000","2019","424","206","85","228","235","0","359","1"
"Steve Pearce","1B","32","1","4750000","2015","236","107","40","102","78","7","194","0"
"Norichika Aoki","OF","32","1","4700000","2014","435","224","19","130","141","67","461","0"
"Juan Rivera","OF","32","1","4500000","2011","393","171","51","214","112","7","377","0"
"David Freese","1B","35","1","4500000","2018","380","145","34","158","127","0","313","0"
"Eric Sogard","3B","33","1","4500000","2019","254","103","16","60","95","14","196","0"
"Matt Diaz","OF","31","2","4250000","2010","244","92","22","103","51","19","205","0"
"Hideki Matsui","OF","35","1","4250000","2010","379","160","58","219","169","0","356","0"
"Alex Gonzalez","SS","34","1","4250000","2011","415","175","46","185","73","5","378","0"
"Chris Iannetta","C","32","1","4250000","2015","311","109","28","116","163","3","201","0"
"Wilmer Flores","1B","27","1","4250000","2018","333","123","45","152","69","2","276","0"
"Alex Avila","C","33","1","4250000","2019","250","76","30","93","135","1","148","0"
"Ramon Santiago","SS","31","2","4200000","2011","288","96","15","87","64","3","221","0"
"Austin Romine","C","31","1","4150000","2019","223","78","20","98","43","2","173","0"
"Wily Mo Pena","OF","29","2","4050000","2011","39","15","7","15","5","0","23","0"
"Russell Martin","C","27","1","4000000","2010","395","195","25","148","207","35","363","1"
"Rod Barajas","C","35","1","4000000","2011","312","111","52","165","55","1","242","0"
"Jack Hannahan","3B","31","2","4000000","2012","196","61","12","69","65","2","150","0"
"Kevin Youkilis","3B","33","1","4000000","2013","270","152","38","148","127","3","237","1"
"Emilio Bonifacio","2B","28","1","4000000","2014","306","131","7","66","81","84","267","0"
"Jonny Gomes","OF","33","1","4000000","2014","320","123","37","136","122","4","214","0"
"Dioner Navarro","C","32","1","4000000","2015","280","88","30","123","72","3","246","0"
"Alexei Ramirez","SS","34","1","4000000","2015","469","204","31","184","81","68","496","1"
"Juan Uribe","3B","36","1","4000000","2015","350","123","35","147","79","7","319","0"
"Jeff Mathis","C","33","2","4000000","2016","131","33","6","39","26","0","80","0"
"Ben Revere","OF","28","1","4000000","2016","402","199","6","97","63","94","441","0"
"Matt Adams","1B","29","1","4000000","2017","305","97","41","143","58","1","209","0"
"Carlos Gomez","OF","32","1","4000000","2017","338","157","42","160","96","48","300","0"
"Eduardo Nunez","2B","30","1","4000000","2017","326","156","32","145","59","72","358","1"
"Neil Walker","1B","32","1","4000000","2017","375","185","53","175","141","7","364","0"
"Jon Jay","OF","33","1","4000000","2018","374","188","7","100","89","12","354","0"
"Tyler Flowers","C","34","1","4000000","2019","266","111","31","113","97","0","208","0"
"Alex Gordon","OF","36","1","4000000","2019","437","185","35","175","146","24","371","0"
"Kevin Pillar","OF","31","1","4000000","2019","454","220","52","189","69","43","437","0"
"Travis Shaw","3B","29","1","4000000","2019","382","179","70","203","174","15","303","0"
"Eric Thames","1B","33","1","4000000","2019","380","190","72","161","155","14","268","0"
"Willie Bloomquist","SS","33","2","3800000","2011","299","127","11","72","59","53","258","0"
"Drew Butera","C","33","2","3800000","2016","147","43","8","35","31","0","88","0"
"Cliff Pennington","SS","31","2","3750000","2015","263","70","6","49","73","11","154","0"
"Daniel Descalso","3B","27","2","3600000","2014","350","104","9","79","79","13","202","0"
"Eric Chavez","3B","35","1","3500000","2013","242","80","27","107","63","1","184","0"
"Rafael Furcal","2B","35","1","3500000","2013","207","113","13","77","72","21","203","1"
"Stephen Drew","SS","33","1","3500000","2016","277","85","32","91","80","1","159","0"
"Lucas Duda","1B","32","1","3500000","2017","308","137","64","160","141","0","242","0"
"Asdrubal Cabrera","3B","33","1","3500000","2018","422","199","60","196","129","8","423","0"
"Avisail Garcia","OF","27","1","3500000","2018","349","181","49","180","87","12","356","1"
"Jonathan Lucroy","C","32","1","3350000","2018","390","153","34","172","122","6","355","1"
"Rod Barajas","C","34","1","3250000","2010","315","126","47","167","50","1","259","0"
"Bill Hall","3B","30","1","3250000","2010","348","126","41","137","98","16","243","0"
"Wilson Betemit","SS","29","2","3250000","2011","200","78","21","92","72","4","183","0"
"Cameron Maybin","OF","30","1","3250000","2017","343","193","24","137","132","71","335","0"
"Brock Holt","3B","31","1","3250000","2019","257","99","10","84","84","10","194","0"
"Geovany Soto","C","30","1","3050000","2013","271","111","37","115","95","2","200","0"
"Brad Hawpe","1B","30","1","3000000","2010","385","182","57","215","197","5","354","1"
"Ramon Hernandez","C","33","1","3000000","2010","311","104","27","150","94","1","286","0"
"Jim Thome","1B","39","1","3000000","2010","381","196","82","226","220","1","291","0"
"Greg Dobbs","1B","32","2","3000000","2011","311","66","18","84","45","2","183","0"
"Ryan Doumit","OF","29","1","3000000","2011","274","90","31","113","77","5","238","0"
"Casey Kotchman","1B","27","1","3000000","2011","382","118","26","147","122","3","346","0"
"John McDonald","3B","36","2","3000000","2011","208","66","12","58","19","4","129","0"
"Nick Punto","2B","33","3","3000000","2011","267","101","3","78","114","23","179","0"
"Cody Ross","OF","30","1","3000000","2011","420","198","52","207","120","19","389","0"
"Eric Chavez","3B","34","1","3000000","2012","199","62","19","73","52","0","146","0"
"Kelly Johnson","2B","30","1","3000000","2013","405","177","53","165","157","37","321","0"
"Nick Punto","2B","35","1","3000000","2013","250","75","4","51","83","10","147","0"
"Alberto Callaspo","2B","30","1","3000000","2014","397","144","24","150","149","4","322","0"
"Stephen Drew","SS","32","1","3000000","2015","333","118","37","137","118","7","233","0"
"David Freese","1B","32","1","3000000","2015","392","159","33","171","116","3","350","0"
"A.J. Pierzynski","C","39","1","3000000","2015","347","111","31","156","44","1","344","0"
"Andres Blanco","3B","32","1","3000000","2016","210","62","12","49","34","3","129","0"
"Chris Carter","1B","30","1","3000000","2016","430","202","102","246","189","9","315","0"
"Matt Adams","1B","30","1","3000000","2018","365","125","57","176","75","0","240","0"
"Adam Jones","OF","33","1","3000000","2018","442","222","70","219","90","11","497","0"
"Jung Ho Kang","3B","31","1","3000000","2018","103","45","21","62","36","3","83","0"
"Chris Owings","SS","27","1","3000000","2018","320","127","21","122","61","44","276","0"
"Maikel Franco","3B","27","1","3000000","2019","408","162","63","200","106","1","340","0"
"Jose Iglesias","SS","30","1","3000000","2019","399","161","22","161","60","28","379","0"
"Mitch Moreland","1B","34","1","3000000","2019","363","178","56","205","141","3","299","1"
"Hunter Pence","OF","36","1","3000000","2019","313","127","35","150","77","13","266","1"
"Jose Peraza","2B","25","1","3000000","2019","436","172","25","128","66","53","398","0"
"Stephen Vogt","C","35","1","3000000","2019","196","55","22","80","41","3","132","0"
"Carlos Pena","1B","33","1","2900000","2012","444","208","75","225","275","9","304","0"
"Geovany Soto","C","33","1","2800000","2015","145","48","19","54","47","1","101","0"
"Rene Rivera","C","34","1","2800000","2017","232","51","21","87","41","0","149","0"
"Raul Ibanez","OF","39","1","2750000","2012","427","190","55","229","136","9","377","0"
"Placido Polanco","3B","36","1","2750000","2012","343","150","13","121","92","8","373","1"
"Geovany Soto","C","29","1","2750000","2012","321","138","45","146","137","1","250","0"
"Raul Ibanez","OF","40","1","2750000","2013","395","169","68","211","110","5","333","0"
"Kurt Suzuki","C","29","1","2750000","2013","338","115","25","119","80","6","271","0"
"Lonnie Chisenhall","OF","30","1","2750000","2018","230","88","21","119","56","9","205","0"
"Geoff Blum","3B","36","2","2700000","2010","322","92","26","124","69","1","226","0"
"Chris Denorfia","OF","33","1","2600000","2014","380","159","21","104","94","33","310","0"
"Mark Reynolds","1B","32","1","2600000","2015","396","137","56","160","142","10","260","0"
"Franklin Gutierrez","OF","33","1","2600000","2016","155","60","29","74","43","1","111","0"
"Jack Cust","OF","31","1","2500000","2010","409","215","71","199","272","6","329","0"
"Edwin Encarnacion","1B","27","1","2500000","2010","326","157","60","158","127","4","274","0"
"Laynce Nix","OF","30","2","2500000","2011","323","96","35","108","60","2","203","0"
"Paul Konerko","1B","36","1","2500000","2013","419","176","69","234","178","1","436","2"
"Corey Hart","1B","31","1","2500000","2014","217","108","36","104","60","7","199","0"
"Chris Young","OF","30","1","2500000","2014","309","122","37","119","104","26","214","0"
"Alex Avila","C","29","1","2500000","2015","283","104","26","107","145","0","194","0"
"Sean Rodriguez","3B","30","1","2500000","2015","303","76","21","81","32","5","153","0"
"A.J. Ellis","C","35","1","2500000","2016","216","56","12","68","104","2","134","0"
"Logan Morrison","1B","29","1","2500000","2016","344","133","42","135","108","17","275","0"
"Alcides Escobar","SS","31","1","2500000","2017","472","204","16","156","68","38","473","1"
"Nick Hundley","C","34","1","2500000","2017","285","102","29","126","58","5","255","0"
"Justin Bour","1B","30","1","2500000","2018","339","136","60","193","158","3","279","0"
"Martin Maldonado","C","32","1","2500000","2018","329","103","31","103","66","1","221","0"
"James McCann","C","28","1","2500000","2018","326","101","33","136","75","1","259","0"
"Asdrubal Cabrera","3B","34","1","2500000","2019","413","203","55","225","148","7","393","0"
"Brayan Pena","C","31","2","2275000","2013","205","52","9","71","27","0","173","0"
"Delmon Young","OF","28","1","2250000","2014","337","111","36","142","50","2","313","0"
"Nate Schierholtz","OF","28","1","2225000","2012","337","96","18","79","64","14","210","0"
"Edgar Renteria","SS","34","1","2100000","2010","332","145","18","125","97","16","318","0"
"Miguel Cairo","1B","35","2","2000000","2010","215","70","5","53","35","9","125","0"
"Jerry Hairston Jr.","3B","33","1","2000000","2010","319","162","26","125","86","31","286","0"
"Andruw Jones","OF","32","1","2000000","2010","246","105","39","105","117","14","157","0"
"Melvin Mora","3B","38","1","2000000","2010","365","160","38","197","102","8","353","0"
"Manny Ramirez","OF","37","1","2000000","2010","346","202","65","226","204","4","364","1"
"Jason Varitek","C","37","1","2000000","2010","270","96","34","110","116","0","195","1"
"Yuniesky Betancourt","1B","29","1","2000000","2011","435","151","35","195","60","9","399","0"
"Casey Blake","3B","37","1","2000000","2011","347","172","39","169","137","4","313","0"
"Andruw Jones","OF","33","1","2000000","2011","251","111","49","124","119","14","171","0"
"James Loney","1B","27","1","2000000","2012","453","160","28","194","122","14","418","0"
"Nate McLouth","OF","30","1","2000000","2012","250","104","17","60","104","23","171","0"
"Ian Stewart","3B","26","1","2000000","2012","221","84","23","84","80","8","154","0"
"Andres Torres","OF","34","1","2000000","2012","367","181","23","117","150","58","299","0"
"Brian Roberts","2B","35","1","2000000","2013","133","53","11","63","43","10","114","0"
"A.J. Pierzynski","C","37","1","2000000","2014","369","141","49","184","53","1","355","0"
"Mark Reynolds","1B","30","1","2000000","2014","394","167","66","181","171","9","273","0"
"Ichiro Suzuki","OF","40","1","2000000","2014","433","176","17","112","69","64","416","0"
"Rickie Weeks","SS","31","1","2000000","2014","382","161","39","116","139","26","277","0"
"Mike Aviles","SS","34","1","2000000","2015","327","129","19","102","48","25","243","0"
"Kelly Johnson","2B","33","1","2000000","2015","323","108","37","126","87","11","225","0"
"Alex Avila","C","30","1","2000000","2016","240","84","22","71","139","0","155","0"
"Nick Hundley","C","33","1","2000000","2016","267","93","26","113","56","6","238","0"
"Chase Utley","2B","38","1","2000000","2016","399","190","33","169","125","16","367","1"
"Jose Reyes","SS","34","1","2000000","2017","319","177","30","135","99","57","323","0"
"Chase Utley","2B","39","2","2000000","2017","369","159","30","125","104","12","281","0"
"Chris Young","OF","34","1","2000000","2017","288","112","30","91","81","10","193","0"
"Robbie Grossman","OF","29","1","2000000","2018","347","161","25","130","182","5","295","0"
"Brian McCann","C","35","1","2000000","2018","289","125","45","143","111","2","228","0"
"Neil Walker","1B","33","1","2000000","2018","337","164","48","150","139","3","294","0"
"Francisco Cervelli","C","33","1","2000000","2019","233","85","20","100","96","3","182","0"
"Brad Miller","2B","30","1","2000000","2019","263","90","29","94","100","7","165","0"
"Matt Wieters","C","33","1","2000000","2019","263","82","29","109","80","2","187","0"
"J.P. Arencibia","C","27","1","1800000","2013","361","137","62","189","72","2","270","0"
"Xavier Nady","OF","31","1","1750000","2010","271","113","31","132","57","2","258","0"
"Nate McLouth","OF","29","1","1750000","2011","292","151","30","110","145","30","237","0"
"Reed Johnson","OF","35","1","1750000","2012","301","87","10","63","23","6","207","0"
"Leonys Martin","OF","29","1","1750000","2017","277","112","23","81","68","45","213","0"
"Tim Beckham","SS","29","1","1750000","2018","297","137","39","113","77","9","282","0"
"Chris Iannetta","C","33","1","1700000","2016","286","92","24","101","133","3","190","0"
"Nyjer Morgan","OF","31","1","1600000","2012","367","165","7","77","79","59","313","0"
"Juan Pierre","OF","34","1","1600000","2012","447","235","4","122","111","132","478","0"
"Jeff Keppinger","2B","30","1","1525000","2011","342","136","19","123","90","4","331","0"
"Rick Ankiel","OF","30","1","1500000","2010","310","146","42","133","94","9","244","0"
"Cesar Izturis","SS","30","1","1500000","2010","385","126","4","82","72","47","317","0"
"Endy Chavez","OF","33","1","1500000","2011","134","54","7","40","24","19","121","0"
"Kelly Shoppach","C","31","1","1500000","2012","216","63","24","66","55","1","121","0"
"Clint Barmes","SS","34","1","1500000","2014","288","71","13","75","43","1","193","0"
"Jeff Mathis","C","32","1","1500000","2015","163","35","9","53","43","0","92","0"
"Daniel Descalso","3B","30","1","1500000","2016","294","80","13","70","74","5","143","0"
"Adam Lind","OF","33","1","1500000","2016","370","158","46","185","120","0","328","0"
"Kurt Suzuki","C","33","1","1500000","2016","364","107","16","160","81","0","323","1"
"Cameron Maybin","OF","32","1","1500000","2019","323","143","25","95","119","52","243","0"
"Domingo Santana","OF","27","1","1500000","2019","355","172","56","174","143","24","316","0"
"Eric Hinske","OF","32","1","1450000","2010","351","128","39","136","107","11","212","0"
"Peter Bourjos","OF","30","1","1450000","2017","313","99","14","51","48","16","170","0"
"Craig Counsell","SS","39","1","1400000","2010","332","108","7","74","109","7","222","0"
"Chris Heisey","OF","32","1","1400000","2016","225","60","19","48","43","9","101","0"
"Kelly Shoppach","C","30","1","1350000","2011","228","73","28","79","72","0","128","0"
"Eric Hinske","OF","34","1","1350000","2012","331","71","23","92","73","0","153","0"
"Austin Kearns","OF","29","1","1300000","2010","276","115","20","98","113","7","208","0"
"Ronny Paulino","C","28","1","1300000","2010","209","63","14","82","61","2","172","0"
"Henry Blanco","C","38","1","1250000","2010","165","46","11","36","43","1","111","0"
"Melky Cabrera","OF","25","1","1250000","2010","406","158","25","147","114","26","353","0"
"Henry Blanco","C","39","1","1250000","2011","143","43","16","36","49","1","101","0"
"Mark Kotsay","OF","35","1","1250000","2011","273","64","15","85","68","7","193","0"
"Ryan Theriot","2B","31","1","1250000","2011","427","199","10","130","121","45","449","0"
"Jim Thome","1B","40","1","1250000","2011","325","135","63","186","175","0","239","0"
"Gordon Beckham","SS","29","1","1250000","2015","318","123","20","88","69","8","244","0"
"Adam Rosales","SS","33","1","1250000","2016","204","71","20","61","52","12","118","0"
"Erick Aybar","SS","34","1","1250000","2017","388","145","13","100","84","29","340","0"
"Dioner Navarro","C","28","1","1175000","2012","128","30","8","36","34","0","78","0"
"Reed Johnson","OF","34","1","1150000","2011","249","80","11","65","23","6","171","0"
"Wil Nieves","C","35","1","1125000","2013","121","25","3","30","15","0","90","0"
"Scott Hairston","OF","30","1","1100000","2011","294","104","34","124","67","18","207","0"
"Casey McGehee","3B","30","1","1100000","2013","261","82","22","108","74","1","191","0"
"Caleb Joseph","C","32","1","1100000","2018","207","66","11","45","27","2","146","0"
"Darwin Barney","2B","30","1","1050000","2015","243","77","12","68","54","5","168","0"
"Pat Burrell","OF","33","1","1000000","2010","399","169","67","214","216","2","319","0"
"Gerald Laird","C","30","1","1000000","2010","312","125","15","99","81","10","244","0"
"Dioner Navarro","C","26","1","1000000","2010","273","92","16","93","64","5","232","1"
"Marcus Thames","OF","32","1","1000000","2010","265","105","50","125","72","0","202","0"
"Kosuke Fukudome","OF","33","1","1000000","2011","411","183","32","133","218","17","362","0"
"Jonny Gomes","OF","30","1","1000000","2011","366","157","52","180","113","15","276","0"
"Gerald Laird","C","31","1","1000000","2011","252","82","10","70","67","9","171","0"
"Jack Wilson","SS","33","1","1000000","2011","245","79","5","64","38","9","195","0"
"John Buck","C","32","1","1000000","2013","355","109","43","160","132","2","259","0"
"Franklin Gutierrez","OF","29","1","1000000","2013","172","62","15","60","30","19","147","0"
"Kevin Frandsen","2B","31","1","1000000","2014","276","68","8","57","27","1","182","0"
"Justin Smoak","1B","27","1","1000000","2014","330","130","46","131","137","1","263","0"
"Chris Herrmann","C","31","1","1000000","2018","196","62","18","62","55","9","101","0"
"Adeiny Hechavarria","2B","30","1","1000000","2019","274","105","23","94","43","9","208","0"
"Guillermo Heredia","OF","29","1","1000000","2019","334","103","16","63","77","5","211","0"
"Jason Kipnis","2B","32","1","1000000","2019","358","160","47","175","128","20","312","0"
"Hernan Perez","2B","28","1","1000000","2019","353","112","31","98","48","29","245","0"
"Steven Souza Jr.","OF","30","1","1000000","2019","219","99","35","107","112","22","178","0"
"Willie Bloomquist","SS","32","1","900000","2010","273","115","7","55","61","47","211","0"
"Fred Lewis","OF","29","1","900000","2010","364","200","21","96","125","46","320","0"
"Luke Maile","C","29","1","900000","2019","157","41","7","43","36","4","87","0"
"Kevin Plawecki","C","28","1","900000","2019","173","57","13","60","54","1","111","0"
"Jorge Cantu","3B","28","1","850000","2010","429","209","56","251","116","9","464","0"
"Matt Treanor","C","33","1","850000","2010","141","40","7","50","41","2","99","0"
"Matt Treanor","C","34","1","850000","2011","148","46","8","49","57","3","92","0"
"Jesus Sucre","C","30","1","850000","2018","138","33","9","51","18","3","95","0"
"JT Riddle","SS","28","1","850000","2019","221","63","18","79","37","0","153","0"
"Mark Kotsay","OF","34","1","800000","2010","281","91","18","103","79","6","241","0"
"Mark DeRosa","2B","35","1","800000","2011","209","96","24","100","64","4","171","0"
"Adam Kennedy","3B","35","1","800000","2011","366","144","21","132","104","42","327","0"
"Brian Schneider","C","34","1","800000","2011","142","39","9","48","48","0","89","0"
"Ronald Torreyes","2B","26","1","800000","2018","205","64","4","55","23","4","160","0"
"Wil Nieves","C","32","1","775000","2010","192","45","5","62","38","1","136","0"
"Nick Punto","2B","32","1","750000","2010","306","123","4","86","121","37","238","0"
"Chris Snyder","C","30","1","750000","2011","197","67","24","87","101","0","125","0"
"Delmon Young","OF","26","1","750000","2012","427","185","51","250","71","6","450","0"
"Adam Rosales","SS","29","1","750000","2013","120","32","9","28","25","0","56","0"
"Dewayne Wise","OF","33","1","700000","2012","183","61","13","51","18","29","106","0"
"Tony Gwynn","OF","27","1","675000","2010","253","94","5","42","93","31","173","0"
"Terrance Gore","OF","27","1","650000","2018","43","13","0","0","1","19","1","0"
"Marco Hernandez","3B","27","1","650000","2019","81","25","2","13","4","1","53","0"
"Eli Whiteside","C","31","1","600000","2011","168","48","10","40","30","3","101","0"
"Troy Tulowitzki","SS","34","1","555000","2018","197","70","31","105","60","1","185","0"
